"y","n","z"
0,1,72
1,1,40
1,1,48
1,1,51
1,1,46
1,1,42
1,1,49
1,1,45
1,1,48
1,1,59
1,1,60
0,1,67
1,1,63
1,1,26
0,1,47
1,1,40
1,1,29
0,1,41
1,1,51
1,1,44
1,1,54
0,1,59
0,1,57
1,1,60
0,1,63
1,1,47
0,1,48
0,1,61
0,1,66
0,1,78
0,2,60
0,1,54
1,1,31
0,1,38
0,1,57
0,1,60
1,1,77
0,1,75
0,1,70
0,1,69
0,1,68
3,3,66
0,2,63
1,3,58
0,1,55
0,1,50
0,1,52
0,2,54
0,2,53
0,1,45
1,1,79
1,1,30
0,1,20
2,3,47
2,2,76
2,2,73
1,1,69
6,6,67
2,2,66
7,7,56
7,8,55
5,5,54
2,5,53
4,6,52
6,6,51
5,6,50
2,2,49
1,1,48
1,3,65
5,5,64
3,3,63
2,3,62
6,6,61
1,2,60
6,7,59
2,2,58
7,7,57
4,4,46
1,2,41
1,1,43
2,2,44
2,2,45
1,1,42
0,1,37
1,1,43
1,1,78
1,1,56
0,1,65
1,2,67
1,1,77
0,1,68
0,1,52
0,1,47
1,1,44
0,1,68
1,1,22
1,1,46
1,1,16
1,1,61
0,1,76
0,1,55
1,1,19
1,1,28
0,1,6
2,2,42
1,1,54
2,2,47
3,3,37
1,1,36
1,1,60
0,3,58
2,2,57
1,1,56
2,2,54
0,1,53
4,5,52
0,1,51
1,1,44
1,1,81
1,1,76
2,4,73
0,1,72
1,1,68
1,1,67
1,2,66
0,1,62
0,1,61
1,1,37
1,1,38
2,2,40
1,1,43
1,1,42
0,1,5
1,1,46
0,1,80
2,2,68
0,1,75
0,1,76
1,1,46
0,1,58
0,1,80
0,1,59
0,1,55
1,1,37
0,1,64
1,1,82
0,1,89
0,1,52
0,1,64
0,1,60
0,1,62
1,1,52
1,1,60
1,1,63
1,1,45
0,1,57
0,1,71
0,1,67
1,1,64
1,1,38
0,1,53
0,1,53
0,1,69
1,1,57
1,1,37
3,3,13
1,1,29
1,1,33
1,1,37
2,2,39
3,3,45
1,1,48
0,1,55
0,1,79
0,1,78
2,2,75
0,1,66
1,1,64
1,1,63
0,1,61
0,1,60
0,1,57
2,2,50
1,1,47
2,2,42
1,1,38
1,1,36
2,2,14
3,3,16
1,1,43
0,1,59
0,1,63
1,1,80
1,1,66
1,1,37
1,1,56
0,1,58
0,1,70
2,2,19
1,1,86
0,1,80
1,1,77
1,1,76
1,1,73
4,4,70
1,1,45
1,1,57
1,2,59
1,1,62
1,1,61
1,1,44
1,1,41
1,1,69
1,1,62
1,1,80
1,1,103
1,1,66
1,1,36
1,1,59
1,1,62
1,2,65
1,1,61
2,2,57
1,1,45
1,1,47
1,1,55
1,1,53
1,2,40
0,1,55
1,1,51
1,1,54
1,1,55
1,1,57
3,3,59
0,1,61
1,2,63
3,3,66
1,1,77
0,1,76
1,2,74
1,1,73
1,1,71
1,1,70
3,3,69
1,1,68
3,4,67
1,1,83
2,2,64
3,3,62
1,2,60
1,1,58
1,1,56
1,1,52
1,1,53
1,1,77
0,1,83
1,1,45
1,1,51
0,1,61
0,1,59
0,1,68
3,3,69
0,2,75
0,1,88
1,2,74
1,1,66
0,1,67
1,1,43
0,1,78
1,1,50
1,1,56
1,1,59
1,1,65
0,1,62
1,1,44
0,1,58
1,1,61
1,1,65
1,1,68
1,1,67
2,2,66
0,1,62
1,1,69
1,1,94
1,1,83
0,2,82
0,2,78
1,1,77
0,1,76
0,1,75
2,4,74
5,6,72
2,2,71
0,2,70
1,1,37
0,2,64
1,1,70
1,1,74
1,1,41
1,1,31
3,3,37
2,2,38
1,1,43
1,1,54
3,3,58
2,2,60
3,3,62
1,1,71
2,2,70
4,4,69
4,5,68
2,2,67
2,2,66
2,2,65
2,2,64
2,2,63
1,1,83
1,1,81
1,1,79
1,1,76
1,2,75
1,1,74
1,1,73
2,5,72
1,1,61
2,2,59
5,5,56
1,1,52
1,1,42
1,1,34
1,1,35
1,1,47
1,1,69
1,1,22
0,1,50
1,1,51
3,3,52
1,1,60
0,1,63
1,1,70
1,1,76
0,1,77
0,1,74
1,1,64
0,1,61
1,3,59
1,1,57
1,1,56
0,1,56
1,1,79
1,1,78
1,1,77
1,3,76
1,1,75
1,1,74
1,1,73
1,3,72
0,1,64
1,1,65
1,1,66
0,1,70
1,2,69
1,1,19
1,1,87
1,1,50
1,2,62
0,1,66
1,1,76
1,2,61
0,1,48
0,1,4
1,1,53
1,1,67
1,1,64
1,2,62
0,1,60
1,1,58
0,1,50
0,1,17
1,1,31
0,1,32
0,1,48
1,1,26
0,1,5
1,1,35
1,1,58
0,1,68
1,1,35
0,1,71
1,1,69
1,1,67
0,1,52
1,1,56
2,2,10
1,1,43
0,1,49
1,1,52
3,3,54
0,1,57
1,1,77
0,1,62
1,1,55
1,2,53
1,1,50
0,1,45
1,1,16
2,2,12
2,2,11
1,1,33
1,1,35
0,1,63
0,1,68
1,1,75
0,1,73
1,1,67
0,1,54
2,2,51
1,1,36
1,1,47
0,1,68
1,1,78
0,1,50
0,1,55
0,1,77
0,1,59
1,1,18
1,2,34
1,1,35
1,1,32
0,1,31
2,3,36
1,2,38
1,1,52
0,1,51
1,1,50
1,1,48
1,1,44
1,1,43
1,1,42
1,1,41
1,1,39
0,1,66
1,1,64
1,1,61
1,1,57
2,2,56
1,1,53
1,1,37
0,1,48
1,1,37
1,1,41
1,2,47
0,1,50
0,1,77
1,1,68
0,1,67
1,1,66
1,1,62
1,1,61
1,1,60
0,1,59
0,1,58
1,2,57
2,2,56
0,2,55
0,3,52
0,1,51
0,1,49
2,2,46
1,1,6
2,2,40
1,1,41
1,1,43
1,1,46
0,2,52
1,3,68
0,1,65
1,1,64
1,2,63
0,1,62
0,1,61
0,1,57
1,1,54
1,1,53
1,1,78
2,2,74
1,1,73
0,1,70
1,1,49
1,1,45
1,1,38
1,1,44
0,1,81
1,1,76
1,1,63
1,1,60
1,1,58
1,1,54
1,1,43
1,1,42
1,1,75
1,1,38
0,1,74
0,1,66
1,1,68
1,1,76
0,1,29
0,1,73
1,1,39
0,1,54
1,1,42
0,1,56
0,1,60
1,1,80
1,1,52
0,1,49
0,1,56
1,1,58
1,1,15
1,1,18
1,1,19
2,2,17
1,1,36
1,1,39
1,1,40
1,1,56
1,1,73
1,1,76
1,1,74
1,1,58
1,1,63
0,1,50
1,1,47
1,1,65
1,1,79
1,1,70
1,2,58
1,1,51
0,1,54
0,1,56
1,1,74
1,1,36
1,1,41
1,1,54
1,1,64
0,1,46
1,1,45
1,1,46
0,1,18
0,1,47
1,1,20
1,1,15
1,1,27
2,3,35
0,1,41
1,1,62
0,1,45
0,1,38
2,2,29
1,1,26
0,1,21
0,1,24
0,1,9
2,2,14
1,1,36
1,1,34
2,2,31
1,1,29
1,1,27
1,1,26
1,3,25
1,1,24
2,2,23
0,1,90
1,1,77
1,1,67
2,2,64
1,1,63
0,1,62
1,1,61
0,1,60
0,1,59
1,1,58
1,1,56
1,1,55
0,1,54
2,2,51
1,2,50
3,3,49
1,1,45
2,2,44
1,1,43
1,2,42
1,1,40
1,1,13
1,1,10
1,1,11
1,1,58
1,1,83
0,1,40
1,1,56
1,1,32
0,1,44
1,2,45
1,1,46
1,1,41
1,1,40
1,1,30
1,1,45
1,1,46
1,1,82
0,1,74
2,2,33
1,1,28
0,1,55
0,1,51
1,1,34
0,1,44
0,1,35
1,1,33
1,1,51
1,1,59
1,1,52
1,1,37
1,1,42
2,3,23
2,2,33
1,1,50
1,2,57
1,1,61
2,2,30
1,1,28
0,1,52
0,1,121
0,1,105
1,1,92
0,1,62
1,1,65
0,1,76
1,1,85
0,1,79
0,1,56
1,1,54
2,2,18
1,1,47
0,1,50
1,1,66
1,1,43
1,1,41
1,1,21
1,2,50
0,1,52
0,1,79
1,1,74
0,4,64
0,2,63
0,3,62
0,1,60
0,1,59
0,2,57
0,2,56
0,1,55
0,1,53
0,2,51
0,1,49
1,2,26
1,1,35
0,1,47
1,1,23
1,1,52
1,2,64
1,1,69
0,1,58
1,1,51
1,1,28
1,1,43
1,1,48
1,1,8
3,3,15
1,1,56
2,2,54
2,2,53
1,1,52
0,1,51
1,1,50
1,1,30
2,2,21
1,1,20
1,1,68
2,2,66
1,1,61
1,1,58
1,1,14
4,4,10
7,7,11
7,7,12
1,1,13
1,1,32
1,1,48
0,1,51
0,1,60
0,1,68
1,1,64
0,2,55
1,1,49
1,1,15
1,1,17
3,4,20
1,2,22
1,1,24
1,1,30
0,1,36
2,4,57
1,5,56
1,2,55
1,1,54
3,3,53
2,2,52
2,2,50
1,1,49
1,4,48
1,1,89
1,1,85
1,2,68
1,2,66
2,2,64
0,1,62
0,2,60
1,2,59
4,5,47
2,3,46
1,1,45
3,3,44
0,2,42
0,1,40
1,1,39
1,2,38
1,1,32
2,2,25
0,1,23
1,2,21
4,5,19
5,5,9
1,1,15
7,7,17
1,1,35
1,1,26
5,5,25
1,1,23
2,2,22
2,2,21
1,1,20
9,9,19
6,6,18
1,3,56
0,2,55
1,2,54
1,1,53
3,5,52
3,3,51
2,2,50
2,5,49
2,6,48
0,1,67
2,3,65
1,2,64
1,1,63
1,1,62
0,2,61
0,1,59
0,3,58
2,3,57
1,1,87
1,1,82
0,1,78
1,2,75
0,1,74
0,1,71
0,1,69
1,1,47
2,3,46
0,3,43
1,4,42
1,3,41
0,1,39
1,1,38
1,1,37
1,1,16
1,1,13
3,3,10
7,8,11
3,3,12
1,1,11
3,3,19
1,1,24
2,2,35
3,4,34
3,3,33
2,2,32
1,1,31
1,1,30
1,2,28
1,1,27
2,2,25
2,2,52
4,4,51
4,4,50
3,3,49
1,1,48
2,2,47
3,3,46
5,5,45
6,6,44
1,1,73
1,1,72
1,1,71
1,1,70
1,1,68
1,1,67
2,2,66
0,1,65
3,3,63
1,1,93
1,1,90
1,1,84
0,1,82
0,1,81
3,3,76
2,2,74
2,3,62
2,2,59
1,1,58
0,1,57
3,3,56
2,2,55
2,2,54
3,3,53
3,3,43
2,2,42
2,2,41
3,3,40
3,4,39
1,1,38
2,2,37
3,3,36
1,1,20
2,2,18
2,2,12
1,1,13
1,1,16
1,2,13
4,5,26
5,8,28
1,3,53
0,5,52
0,7,51
0,2,50
3,9,49
1,9,48
2,5,47
4,6,46
3,6,45
0,1,71
0,1,68
1,1,67
0,1,65
2,3,59
0,3,56
0,2,55
1,2,54
2,7,44
2,13,43
3,16,42
1,2,41
4,10,40
5,8,39
4,6,38
5,8,37
6,9,36
7,14,35
8,12,34
7,12,33
3,7,32
8,12,31
6,8,30
1,3,29
5,6,27
2,4,25
1,1,18
1,1,21
1,1,23
0,1,53
0,1,71
1,1,7
9,10,30
7,7,29
2,2,28
1,1,26
1,1,24
2,2,21
3,4,20
4,5,19
1,1,18
3,3,39
4,4,38
7,7,37
12,13,36
13,14,35
13,14,34
11,12,33
9,10,32
6,7,31
1,1,59
1,1,58
1,1,56
1,1,53
2,2,49
1,1,48
1,1,47
2,2,46
5,5,45
1,1,44
1,1,43
1,1,41
2,2,13
2,2,14
1,2,15
1,1,17
1,1,16
0,1,39
0,1,70
1,2,51
2,2,55
1,1,56
1,1,63
0,1,67
0,1,72
1,1,82
1,1,86
1,1,74
1,1,69
1,1,65
1,1,60
2,2,38
0,1,52
1,1,55
1,1,84
0,1,72
0,1,70
1,1,66
0,1,64
0,1,57
0,3,53
1,1,51
1,1,40
1,1,49
1,1,38
0,1,45
1,1,52
1,1,56
1,1,59
1,1,76
1,1,78
1,1,61
1,2,58
3,3,55
1,1,50
1,1,20
1,1,35
1,1,58
1,1,14
1,1,73
1,1,59
0,1,58
1,2,57
0,1,55
1,1,39
0,1,48
1,1,50
1,1,66
1,1,90
0,1,81
1,1,71
0,1,68
1,1,93
1,1,73
1,1,41
1,1,61
1,1,63
1,1,67
0,1,93
0,1,77
0,1,72
1,1,69
1,1,64
1,1,62
3,3,52
2,2,45
1,1,49
1,1,59
1,1,46
2,2,52
0,1,57
0,1,50
0,1,80
1,1,51
1,1,14
1,1,66
0,1,54
0,0,4
0,0,4.1
0,0,4.2
0,0,4.3
0,0,4.4
0,0,4.5
0,0,4.6
0,0,4.7
0,0,4.8
0,0,4.9
0,0,5
0,0,5.1
0,0,5.2
0,0,5.3
0,0,5.4
0,0,5.5
0,0,5.6
0,0,5.7
0,0,5.8
0,0,5.9
0,0,6
0,0,6.1
0,0,6.2
0,0,6.3
0,0,6.4
0,0,6.5
0,0,6.6
0,0,6.7
0,0,6.8
0,0,6.9
0,0,7
0,0,7.1
0,0,7.2
0,0,7.3
0,0,7.4
0,0,7.5
0,0,7.6
0,0,7.7
0,0,7.8
0,0,7.9
0,0,8
0,0,8.1
0,0,8.2
0,0,8.3
0,0,8.4
0,0,8.5
0,0,8.6
0,0,8.7
0,0,8.8
0,0,8.9
0,0,9
0,0,9.1
0,0,9.2
0,0,9.3
0,0,9.4
0,0,9.5
0,0,9.6
0,0,9.7
0,0,9.8
0,0,9.9
0,0,10
0,0,10.1
0,0,10.2
0,0,10.3
0,0,10.4
0,0,10.5
0,0,10.6
0,0,10.7
0,0,10.8
0,0,10.9
0,0,11
0,0,11.1
0,0,11.2
0,0,11.3
0,0,11.4
0,0,11.5
0,0,11.6
0,0,11.7
0,0,11.8
0,0,11.9
0,0,12
0,0,12.1
0,0,12.2
0,0,12.3
0,0,12.4
0,0,12.5
0,0,12.6
0,0,12.7
0,0,12.8
0,0,12.9
0,0,13
0,0,13.1
0,0,13.2
0,0,13.3
0,0,13.4
0,0,13.5
0,0,13.6
0,0,13.7
0,0,13.8
0,0,13.9
0,0,14
0,0,14.1
0,0,14.2
0,0,14.3
0,0,14.4
0,0,14.5
0,0,14.6
0,0,14.7
0,0,14.8
0,0,14.9
0,0,15
0,0,15.1
0,0,15.2
0,0,15.3
0,0,15.4
0,0,15.5
0,0,15.6
0,0,15.7
0,0,15.8
0,0,15.9
0,0,16
0,0,16.1
0,0,16.2
0,0,16.3
0,0,16.4
0,0,16.5
0,0,16.6
0,0,16.7
0,0,16.8
0,0,16.9
0,0,17
0,0,17.1
0,0,17.2
0,0,17.3
0,0,17.4
0,0,17.5
0,0,17.6
0,0,17.7
0,0,17.8
0,0,17.9
0,0,18
0,0,18.1
0,0,18.2
0,0,18.3
0,0,18.4
0,0,18.5
0,0,18.6
0,0,18.7
0,0,18.8
0,0,18.9
0,0,19
0,0,19.1
0,0,19.2
0,0,19.3
0,0,19.4
0,0,19.5
0,0,19.6
0,0,19.7
0,0,19.8
0,0,19.9
0,0,20
0,0,20.1
0,0,20.2
0,0,20.3
0,0,20.4
0,0,20.5
0,0,20.6
0,0,20.7
0,0,20.8
0,0,20.9
0,0,21
0,0,21.1
0,0,21.2
0,0,21.3
0,0,21.4
0,0,21.5
0,0,21.6
0,0,21.7
0,0,21.8
0,0,21.9
0,0,22
0,0,22.1
0,0,22.2
0,0,22.3
0,0,22.4
0,0,22.5
0,0,22.6
0,0,22.7
0,0,22.8
0,0,22.9
0,0,23
0,0,23.1
0,0,23.2
0,0,23.3
0,0,23.4
0,0,23.5
0,0,23.6
0,0,23.7
0,0,23.8
0,0,23.9
0,0,24
0,0,24.1
0,0,24.2
0,0,24.3
0,0,24.4
0,0,24.5
0,0,24.6
0,0,24.7
0,0,24.8
0,0,24.9
0,0,25
0,0,25.1
0,0,25.2
0,0,25.3
0,0,25.4
0,0,25.5
0,0,25.6
0,0,25.7
0,0,25.8
0,0,25.9
0,0,26
0,0,26.1
0,0,26.2
0,0,26.3
0,0,26.4
0,0,26.5
0,0,26.6
0,0,26.7
0,0,26.8
0,0,26.9
0,0,27
0,0,27.1
0,0,27.2
0,0,27.3
0,0,27.4
0,0,27.5
0,0,27.6
0,0,27.7
0,0,27.8
0,0,27.9
0,0,28
0,0,28.1
0,0,28.2
0,0,28.3
0,0,28.4
0,0,28.5
0,0,28.6
0,0,28.7
0,0,28.8
0,0,28.9
0,0,29
0,0,29.1
0,0,29.2
0,0,29.3
0,0,29.4
0,0,29.5
0,0,29.6
0,0,29.7
0,0,29.8
0,0,29.9
0,0,30
0,0,30.1
0,0,30.2
0,0,30.3
0,0,30.4
0,0,30.5
0,0,30.6
0,0,30.7
0,0,30.8
0,0,30.9
0,0,31
0,0,31.1
0,0,31.2
0,0,31.3
0,0,31.4
0,0,31.5
0,0,31.6
0,0,31.7
0,0,31.8
0,0,31.9
0,0,32
0,0,32.1
0,0,32.2
0,0,32.3
0,0,32.4
0,0,32.5
0,0,32.6
0,0,32.7
0,0,32.8
0,0,32.9
0,0,33
0,0,33.1
0,0,33.2
0,0,33.3
0,0,33.4
0,0,33.5
0,0,33.6
0,0,33.7
0,0,33.8
0,0,33.9
0,0,34
0,0,34.1
0,0,34.2
0,0,34.3
0,0,34.4
0,0,34.5
0,0,34.6
0,0,34.7
0,0,34.8
0,0,34.9
0,0,35
0,0,35.1
0,0,35.2
0,0,35.3
0,0,35.4
0,0,35.5
0,0,35.6
0,0,35.7
0,0,35.8
0,0,35.9
0,0,36
0,0,36.1
0,0,36.2
0,0,36.3
0,0,36.4
0,0,36.5
0,0,36.6
0,0,36.7
0,0,36.8
0,0,36.9
0,0,37
0,0,37.1
0,0,37.2
0,0,37.3
0,0,37.4
0,0,37.5
0,0,37.6
0,0,37.7
0,0,37.8
0,0,37.9
0,0,38
0,0,38.1
0,0,38.2
0,0,38.3
0,0,38.4
0,0,38.5
0,0,38.6
0,0,38.7
0,0,38.8
0,0,38.9
0,0,39
0,0,39.1
0,0,39.2
0,0,39.3
0,0,39.4
0,0,39.5
0,0,39.6
0,0,39.7
0,0,39.8
0,0,39.9
0,0,40
0,0,40.1
0,0,40.2
0,0,40.3
0,0,40.4
0,0,40.5
0,0,40.6
0,0,40.7
0,0,40.8
0,0,40.9
0,0,41
0,0,41.1
0,0,41.2
0,0,41.3
0,0,41.4
0,0,41.5
0,0,41.6
0,0,41.7
0,0,41.8
0,0,41.9
0,0,42
0,0,42.1
0,0,42.2
0,0,42.3
0,0,42.4
0,0,42.5
0,0,42.6
0,0,42.7
0,0,42.8
0,0,42.9
0,0,43
0,0,43.1
0,0,43.2
0,0,43.3
0,0,43.4
0,0,43.5
0,0,43.6
0,0,43.7
0,0,43.8
0,0,43.9
0,0,44
0,0,44.1
0,0,44.2
0,0,44.3
0,0,44.4
0,0,44.5
0,0,44.6
0,0,44.7
0,0,44.8
0,0,44.9
0,0,45
0,0,45.1
0,0,45.2
0,0,45.3
0,0,45.4
0,0,45.5
0,0,45.6
0,0,45.7
0,0,45.8
0,0,45.9
0,0,46
0,0,46.1
0,0,46.2
0,0,46.3
0,0,46.4
0,0,46.5
0,0,46.6
0,0,46.7
0,0,46.8
0,0,46.9
0,0,47
0,0,47.1
0,0,47.2
0,0,47.3
0,0,47.4
0,0,47.5
0,0,47.6
0,0,47.7
0,0,47.8
0,0,47.9
0,0,48
0,0,48.1
0,0,48.2
0,0,48.3
0,0,48.4
0,0,48.5
0,0,48.6
0,0,48.7
0,0,48.8
0,0,48.9
0,0,49
0,0,49.1
0,0,49.2
0,0,49.3
0,0,49.4
0,0,49.5
0,0,49.6
0,0,49.7
0,0,49.8
0,0,49.9
0,0,50
0,0,50.1
0,0,50.2
0,0,50.3
0,0,50.4
0,0,50.5
0,0,50.6
0,0,50.7
0,0,50.8
0,0,50.9
0,0,51
0,0,51.1
0,0,51.2
0,0,51.3
0,0,51.4
0,0,51.5
0,0,51.6
0,0,51.7
0,0,51.8
0,0,51.9
0,0,52
0,0,52.1
0,0,52.2
0,0,52.3
0,0,52.4
0,0,52.5
0,0,52.6
0,0,52.7
0,0,52.8
0,0,52.9
0,0,53
0,0,53.1
0,0,53.2
0,0,53.3
0,0,53.4
0,0,53.5
0,0,53.6
0,0,53.7
0,0,53.8
0,0,53.9
0,0,54
0,0,54.1
0,0,54.2
0,0,54.3
0,0,54.4
0,0,54.5
0,0,54.6
0,0,54.7
0,0,54.8
0,0,54.9
0,0,55
0,0,55.1
0,0,55.2
0,0,55.3
0,0,55.4
0,0,55.5
0,0,55.6
0,0,55.7
0,0,55.8
0,0,55.9
0,0,56
0,0,56.1
0,0,56.2
0,0,56.3
0,0,56.4
0,0,56.5
0,0,56.6
0,0,56.7
0,0,56.8
0,0,56.9
0,0,57
0,0,57.1
0,0,57.2
0,0,57.3
0,0,57.4
0,0,57.5
0,0,57.6
0,0,57.7
0,0,57.8
0,0,57.9
0,0,58
0,0,58.1
0,0,58.2
0,0,58.3
0,0,58.4
0,0,58.5
0,0,58.6
0,0,58.7
0,0,58.8
0,0,58.9
0,0,59
0,0,59.1
0,0,59.2
0,0,59.3
0,0,59.4
0,0,59.5
0,0,59.6
0,0,59.7
0,0,59.8
0,0,59.9
0,0,60
0,0,60.1
0,0,60.2
0,0,60.3
0,0,60.4
0,0,60.5
0,0,60.6
0,0,60.7
0,0,60.8
0,0,60.9
0,0,61
0,0,61.1
0,0,61.2
0,0,61.3
0,0,61.4
0,0,61.5
0,0,61.6
0,0,61.7
0,0,61.8
0,0,61.9
0,0,62
0,0,62.1
0,0,62.2
0,0,62.3
0,0,62.4
0,0,62.5
0,0,62.6
0,0,62.7
0,0,62.8
0,0,62.9
0,0,63
0,0,63.1
0,0,63.2
0,0,63.3
0,0,63.4
0,0,63.5
0,0,63.6
0,0,63.7
0,0,63.8
0,0,63.9
0,0,64
0,0,64.1
0,0,64.2
0,0,64.3
0,0,64.4
0,0,64.5
0,0,64.6
0,0,64.7
0,0,64.8
0,0,64.9
0,0,65
0,0,65.1
0,0,65.2
0,0,65.3
0,0,65.4
0,0,65.5
0,0,65.6
0,0,65.7
0,0,65.8
0,0,65.9
0,0,66
0,0,66.1
0,0,66.2
0,0,66.3
0,0,66.4
0,0,66.5
0,0,66.6
0,0,66.7
0,0,66.8
0,0,66.9
0,0,67
0,0,67.1
0,0,67.2
0,0,67.3
0,0,67.4
0,0,67.5
0,0,67.6
0,0,67.7
0,0,67.8
0,0,67.9
0,0,68
0,0,68.1
0,0,68.2
0,0,68.3
0,0,68.4
0,0,68.5
0,0,68.6
0,0,68.7
0,0,68.8
0,0,68.9
0,0,69
0,0,69.1
0,0,69.2
0,0,69.3
0,0,69.4
0,0,69.5
0,0,69.6
0,0,69.7
0,0,69.8
0,0,69.9
0,0,70
0,0,70.1
0,0,70.2
0,0,70.3
0,0,70.4
0,0,70.5
0,0,70.6
0,0,70.7
0,0,70.8
0,0,70.9
0,0,71
0,0,71.1
0,0,71.2
0,0,71.3
0,0,71.4
0,0,71.5
0,0,71.6
0,0,71.7
0,0,71.8
0,0,71.9
0,0,72
0,0,72.1
0,0,72.2
0,0,72.3
0,0,72.4
0,0,72.5
0,0,72.6
0,0,72.7
0,0,72.8
0,0,72.9
0,0,73
0,0,73.1
0,0,73.2
0,0,73.3
0,0,73.4
0,0,73.5
0,0,73.6
0,0,73.7
0,0,73.8
0,0,73.9
0,0,74
0,0,74.1
0,0,74.2
0,0,74.3
0,0,74.4
0,0,74.5
0,0,74.6
0,0,74.7
0,0,74.8
0,0,74.9
0,0,75
0,0,75.1
0,0,75.2
0,0,75.3
0,0,75.4
0,0,75.5
0,0,75.6
0,0,75.7
0,0,75.8
0,0,75.9
0,0,76
0,0,76.1
0,0,76.2
0,0,76.3
0,0,76.4
0,0,76.5
0,0,76.6
0,0,76.7
0,0,76.8
0,0,76.9
0,0,77
0,0,77.1
0,0,77.2
0,0,77.3
0,0,77.4
0,0,77.5
0,0,77.6
0,0,77.7
0,0,77.8
0,0,77.9
0,0,78
0,0,78.1
0,0,78.2
0,0,78.3
0,0,78.4
0,0,78.5
0,0,78.6
0,0,78.7
0,0,78.8
0,0,78.9
0,0,79
0,0,79.1
0,0,79.2
0,0,79.3
0,0,79.4
0,0,79.5
0,0,79.6
0,0,79.7
0,0,79.8
0,0,79.9
0,0,80
0,0,80.1
0,0,80.2
0,0,80.3
0,0,80.4
0,0,80.5
0,0,80.6
0,0,80.7
0,0,80.8
0,0,80.9
0,0,81
0,0,81.1
0,0,81.2
0,0,81.3
0,0,81.4
0,0,81.5
0,0,81.6
0,0,81.7
0,0,81.8
0,0,81.9
0,0,82
0,0,82.1
0,0,82.2
0,0,82.3
0,0,82.4
0,0,82.5
0,0,82.6
0,0,82.7
0,0,82.8
0,0,82.9
0,0,83
0,0,83.1
0,0,83.2
0,0,83.3
0,0,83.4
0,0,83.5
0,0,83.6
0,0,83.7
0,0,83.8
0,0,83.9
0,0,84
0,0,84.1
0,0,84.2
0,0,84.3
0,0,84.4
0,0,84.5
0,0,84.6
0,0,84.7
0,0,84.8
0,0,84.9
0,0,85
0,0,85.1
0,0,85.2
0,0,85.3
0,0,85.4
0,0,85.5
0,0,85.6
0,0,85.7
0,0,85.8
0,0,85.9
0,0,86
0,0,86.1
0,0,86.2
0,0,86.3
0,0,86.4
0,0,86.5
0,0,86.6
0,0,86.7
0,0,86.8
0,0,86.9
0,0,87
0,0,87.1
0,0,87.2
0,0,87.3
0,0,87.4
0,0,87.5
0,0,87.6
0,0,87.7
0,0,87.8
0,0,87.9
0,0,88
0,0,88.1
0,0,88.2
0,0,88.3
0,0,88.4
0,0,88.5
0,0,88.6
0,0,88.7
0,0,88.8
0,0,88.9
0,0,89
0,0,89.1
0,0,89.2
0,0,89.3
0,0,89.4
0,0,89.5
0,0,89.6
0,0,89.7
0,0,89.8
0,0,89.9
0,0,90
0,0,90.1
0,0,90.2
0,0,90.3
0,0,90.4
0,0,90.5
0,0,90.6
0,0,90.7
0,0,90.8
0,0,90.9
0,0,91
0,0,91.1
0,0,91.2
0,0,91.3
0,0,91.4
0,0,91.5
0,0,91.6
0,0,91.7
0,0,91.8
0,0,91.9
0,0,92
0,0,92.1
0,0,92.2
0,0,92.3
0,0,92.4
0,0,92.5
0,0,92.6
0,0,92.7
0,0,92.8
0,0,92.9
0,0,93
0,0,93.1
0,0,93.2
0,0,93.3
0,0,93.4
0,0,93.5
0,0,93.6
0,0,93.7
0,0,93.8
0,0,93.9
0,0,94
0,0,94.1
0,0,94.2
0,0,94.3
0,0,94.4
0,0,94.5
0,0,94.6
0,0,94.7
0,0,94.8
0,0,94.9
0,0,95
0,0,95.1
0,0,95.2
0,0,95.3
0,0,95.4
0,0,95.5
0,0,95.6
0,0,95.7
0,0,95.8
0,0,95.9
0,0,96
0,0,96.1
0,0,96.2
0,0,96.3
0,0,96.4
0,0,96.5
0,0,96.6
0,0,96.7
0,0,96.8
0,0,96.9
0,0,97
0,0,97.1
0,0,97.2
0,0,97.3
0,0,97.4
0,0,97.5
0,0,97.6
0,0,97.7
0,0,97.8
0,0,97.9
0,0,98
0,0,98.1
0,0,98.2
0,0,98.3
0,0,98.4
0,0,98.5
0,0,98.6
0,0,98.7
0,0,98.8
0,0,98.9
0,0,99
0,0,99.1
0,0,99.2
0,0,99.3
0,0,99.4
0,0,99.5
0,0,99.6
0,0,99.7
0,0,99.8
0,0,99.9
0,0,100
0,0,100.1
0,0,100.2
0,0,100.3
0,0,100.4
0,0,100.5
0,0,100.6
0,0,100.7
0,0,100.8
0,0,100.9
0,0,101
0,0,101.1
0,0,101.2
0,0,101.3
0,0,101.4
0,0,101.5
0,0,101.6
0,0,101.7
0,0,101.8
0,0,101.9
0,0,102
0,0,102.1
0,0,102.2
0,0,102.3
0,0,102.4
0,0,102.5
0,0,102.6
0,0,102.7
0,0,102.8
0,0,102.9
0,0,103
0,0,103.1
0,0,103.2
0,0,103.3
0,0,103.4
0,0,103.5
0,0,103.6
0,0,103.7
0,0,103.8
0,0,103.9
0,0,104
0,0,104.1
0,0,104.2
0,0,104.3
0,0,104.4
0,0,104.5
0,0,104.6
0,0,104.7
0,0,104.8
0,0,104.9
0,0,105
0,0,105.1
0,0,105.2
0,0,105.3
0,0,105.4
0,0,105.5
0,0,105.6
0,0,105.7
0,0,105.8
0,0,105.9
0,0,106
0,0,106.1
0,0,106.2
0,0,106.3
0,0,106.4
0,0,106.5
0,0,106.6
0,0,106.7
0,0,106.8
0,0,106.9
0,0,107
0,0,107.1
0,0,107.2
0,0,107.3
0,0,107.4
0,0,107.5
0,0,107.6
0,0,107.7
0,0,107.8
0,0,107.9
0,0,108
0,0,108.1
0,0,108.2
0,0,108.3
0,0,108.4
0,0,108.5
0,0,108.6
0,0,108.7
0,0,108.8
0,0,108.9
0,0,109
0,0,109.1
0,0,109.2
0,0,109.3
0,0,109.4
0,0,109.5
0,0,109.6
0,0,109.7
0,0,109.8
0,0,109.9
0,0,110
0,0,110.1
0,0,110.2
0,0,110.3
0,0,110.4
0,0,110.5
0,0,110.6
0,0,110.7
0,0,110.8
0,0,110.9
0,0,111
0,0,111.1
0,0,111.2
0,0,111.3
0,0,111.4
0,0,111.5
0,0,111.6
0,0,111.7
0,0,111.8
0,0,111.9
0,0,112
0,0,112.1
0,0,112.2
0,0,112.3
0,0,112.4
0,0,112.5
0,0,112.6
0,0,112.7
0,0,112.8
0,0,112.9
0,0,113
0,0,113.1
0,0,113.2
0,0,113.3
0,0,113.4
0,0,113.5
0,0,113.6
0,0,113.7
0,0,113.8
0,0,113.9
0,0,114
0,0,114.1
0,0,114.2
0,0,114.3
0,0,114.4
0,0,114.5
0,0,114.6
0,0,114.7
0,0,114.8
0,0,114.9
0,0,115
0,0,115.1
0,0,115.2
0,0,115.3
0,0,115.4
0,0,115.5
0,0,115.6
0,0,115.7
0,0,115.8
0,0,115.9
0,0,116
0,0,116.1
0,0,116.2
0,0,116.3
0,0,116.4
0,0,116.5
0,0,116.6
0,0,116.7
0,0,116.8
0,0,116.9
0,0,117
0,0,117.1
0,0,117.2
0,0,117.3
0,0,117.4
0,0,117.5
0,0,117.6
0,0,117.7
0,0,117.8
0,0,117.9
0,0,118
0,0,118.1
0,0,118.2
0,0,118.3
0,0,118.4
0,0,118.5
0,0,118.6
0,0,118.7
0,0,118.8
0,0,118.9
0,0,119
0,0,119.1
0,0,119.2
0,0,119.3
0,0,119.4
0,0,119.5
0,0,119.6
0,0,119.7
0,0,119.8
0,0,119.9
0,0,120
0,0,120.1
0,0,120.2
0,0,120.3
0,0,120.4
0,0,120.5
0,0,120.6
0,0,120.7
0,0,120.8
0,0,120.9
0,0,121
